"Genes, NCBI Gallus gallus Annotation Release 104, 2018-05-17"
Accession,Start,Stop,Gene symbol,Strand,NCBI Gene ID,Name
NC_006107.5,71558,75275,IGSF1L3,plus,419114,immunoglobulin superfamily member 1-like 3
NC_006107.5,76641,93864,L3MBTL1,minus,419115,
NC_006107.5,119215,123854,SRSF6,minus,419116,serine/arginine-rich splicing factor 6
NC_006107.5,187678,257245,EPB41L1,plus,419117,
NC_006107.5,256427,296024,AAR2,plus,419118,AAR2 splicing factor homolog
NC_006107.5,316103,473624,DLGAP4,plus,419119,
NC_006107.5,439322,448247,LOC112530104,plus,112530104,
NC_006107.5,477158,484027,TGIF2,minus,428131,
NC_006107.5,484271,485941,LOC112530107,plus,112530107,
NC_006107.5,485849,492638,MYL9,minus,396215,"myosin, light chain 9, regulatory"
NC_006107.5,494851,499207,C20H20ORF24,plus,768550,"chromosome 20 open reading frame, human C20orf24"
NC_006107.5,497720,517171,GGT7,plus,419121,
NC_006107.5,521841,563826,NCOA6,plus,419122,
NC_006107.5,561718,571254,LOC112530130,plus,112530130,
NC_006107.5,565878,579521,TP53INP2,minus,769066,
NC_006107.5,601455,623396,PIGU,plus,419124,
NC_006107.5,622418,633973,TLDC2,plus,101747236,
NC_006107.5,630014,655765,SAMHD1,minus,419125,SAM and HD domain containing deoxynucleoside triphosphate triphosphohydrolase 1
NC_006107.5,638622,638731,MIR6664,minus,102465390,microRNA 6664
NC_006107.5,655886,659420,LOC107054815,plus,107054815,
NC_006107.5,658642,680175,RBL1,minus,419126,
NC_006107.5,680594,753206,CHD6,minus,419127,
NC_006107.5,765131,830245,RALGAPB,minus,419128,Ral GTPase activating protein non-catalytic beta subunit
NC_006107.5,829509,839977,LOC100858152,plus,100858152,
NC_006107.5,840126,897631,LOC107057310,plus,107057310,
NC_006107.5,896380,902846,SLA2,plus,100858750,
NC_006107.5,903547,969185,PHF20,minus,419131,
NC_006107.5,977605,1019894,ARHGAP39,minus,419132,
NC_006107.5,984084,986873,LOC112530110,plus,112530110,
NC_006107.5,998740,998824,MIR1558,minus,100315712,microRNA 1558
NC_006107.5,1027890,1027961,TRNAE-UUC,plus,112530135,
NC_006107.5,1031053,1059879,RBM39,plus,428133,
NC_006107.5,1061506,1063498,ROMO1,minus,768833,reactive oxygen species modulator 1
NC_006107.5,1063494,1074979,NFS1,plus,419133,"NFS1, cysteine desulfurase"
NC_006107.5,1079706,1122140,CPNE1,plus,419134,copine 1
NC_006107.5,1079716,1091358,RBM12,plus,404531,RNA binding motif protein 12
NC_006107.5,1123962,1158645,FER1L4,plus,419135,
NC_006107.5,1160065,1182441,DDEFL1,plus,769389,
NC_006107.5,1181450,1188946,ST3GAL2L,plus,100858260,
NC_006107.5,1188538,1212759,ERGIC3,minus,419137,
NC_006107.5,1215851,1250159,CEP250,minus,419138,
NC_006107.5,1255929,1258979,GDF5,plus,374249,growth differentiation factor 5
NC_006107.5,1275269,1328733,UQCC1,plus,419139,ubiquinol-cytochrome c reductase complex assembly factor 1
NC_006107.5,1334629,1359368,FAM83C,plus,769474,
NC_006107.5,1359767,1366684,EIF6,plus,419140,eukaryotic translation initiation factor 6
NC_006107.5,1366140,1412967,MMP24,minus,419141,
NC_006107.5,1419424,1432561,MAP1LC3A,minus,419142,
NC_006107.5,1422870,1422943,MIR1453,minus,100315700,microRNA 1453
NC_006107.5,1436200,1441680,DYNLRB1,minus,419143,
NC_006107.5,1451735,1458113,MANBAL1,minus,107057295,
NC_006107.5,1458845,1522514,ITCH,minus,419145,
NC_006107.5,1530232,1554238,AHCY,plus,419146,
NC_006107.5,1547822,1547985,LOC112530134,minus,112530134,
NC_006107.5,1567238,1593259,ASIP,minus,419147,agouti signaling protein
NC_006107.5,1668700,1679910,EIF2S2,plus,395295,eukaryotic translation initiation factor 2 subunit beta
NC_006107.5,1689069,1801999,RALY,minus,419148,
NC_006107.5,1709366,1717472,LOC112530105,minus,112530105,
NC_006107.5,1938216,1942905,LOC112530124,minus,112530124,
NC_006107.5,2001275,2006728,LOC107054897,plus,107054897,
NC_006107.5,2006395,2006458,MIR7453,minus,102466828,microRNA 7453
NC_006107.5,2011364,2020129,LOC101752265,plus,101752265,
NC_006107.5,2073710,2078239,PLIN3L,minus,419149,
NC_006107.5,2120742,2142286,CHMP4B,minus,419150,charged multivesicular body protein 4B
NC_006107.5,2146536,2166397,ZNF341,minus,419152,zinc finger protein 341
NC_006107.5,2160706,2160815,MIR6674,minus,102466980,microRNA 6674
NC_006107.5,2166643,2170546,PXMP4,plus,419153,
NC_006107.5,2177137,2180920,E2F1,plus,396142,E2F transcription factor 1
NC_006107.5,2182993,2207162,NECAB3,plus,419154,N-terminal EF-hand calcium binding protein 3
NC_006107.5,2208409,2258331,CBFA2T2,minus,419155,CBFA2/RUNX1 translocation partner 2
NC_006107.5,2273654,2282349,SNTA1,plus,426448,
NC_006107.5,2299286,2447514,TOX2,minus,419156,
NC_006107.5,2517821,2517892,TRNAE-UUC,minus,112530136,
NC_006107.5,2539619,2544192,LOC107054895,minus,107054895,
NC_006107.5,2544313,2552843,EDEM2,plus,770034,
NC_006107.5,2557331,2590035,TRPC4AP,plus,428134,transient receptor potential cation channel subfamily C member 4 associated protein
NC_006107.5,2591000,2616497,MYH7B,minus,395279,"myosin, heavy chain 7B, cardiac muscle, beta"
NC_006107.5,2603245,2603335,MIR499A,minus,777908,microRNA 499a
NC_006107.5,2624446,2632503,GSS,plus,428135,
NC_006107.5,2633595,2665239,ACSS2,minus,419158,
NC_006107.5,2669027,2693806,SOGA1,minus,419159,
NC_006107.5,2838187,3271413,PTPRT,plus,419160,
NC_006107.5,3167217,3170020,LOC107054894,minus,107054894,
NC_006107.5,3292913,3365883,LOC769590,plus,769590,
NC_006107.5,3391518,3399648,LOC107054892,plus,107054892,
NC_006107.5,3426190,3441341,LOC107054891,minus,107054891,
NC_006107.5,3445995,3490986,LOC101749104,minus,101749104,
NC_006107.5,3611963,3627194,MYBL2,minus,396258,MYB proto-oncogene like 2
NC_006107.5,3627252,3629005,LOC101749307,plus,101749307,
NC_006107.5,3630044,3641922,IFT52,minus,419165,intraflagellar transport 52
NC_006107.5,3642069,3656652,SGK2,minus,419166,
NC_006107.5,3658587,3665640,SLC32A1,minus,419167,
NC_006107.5,3694821,3733103,ARHGAP40,minus,419168,Rho GTPase activating protein 40
NC_006107.5,3733585,3737199,LOC101749666,minus,101749666,
NC_006107.5,3738686,3753596,ACTR5,plus,419169,ARP5 actin-related protein 5 homolog
NC_006107.5,3766932,3814527,PPP1R16B,plus,419170,protein phosphatase 1 regulatory subunit 16B
NC_006107.5,3814506,3823636,FAM83D,plus,425103,
NC_006107.5,3822376,3828043,FAM83D,plus,419171,
NC_006107.5,3826903,3937291,DHX35,plus,419172,
NC_006107.5,4138830,4254150,LOC107054889,plus,107054889,
NC_006107.5,4312875,4343354,LOC112530120,plus,112530120,
NC_006107.5,4362046,4373150,LOC101750167,plus,101750167,
NC_006107.5,4382090,4392139,LOC101750366,plus,101750366,
NC_006107.5,4445981,4455589,LOC107054888,plus,107054888,
NC_006107.5,4554027,4556552,LOC112530119,minus,112530119,
NC_006107.5,4601622,4605844,LOC107054887,minus,107054887,
NC_006107.5,4690672,4693338,MAFB,minus,419173,MAF bZIP transcription factor B
NC_006107.5,4748891,4756092,LOC112530117,minus,112530117,
NC_006107.5,4756442,4783083,LOC101750504,minus,101750504,
NC_006107.5,4784500,4786345,LOC107054823,minus,107054823,
NC_006107.5,4835314,4897724,TOP1,plus,396004,topoisomerase (DNA) I
NC_006107.5,4896639,4930862,PLCG1,plus,419175,
NC_006107.5,4931004,4966608,ZHX3,minus,419176,
NC_006107.5,4941558,4941639,MIR1614,plus,100315743,microRNA 1614
NC_006107.5,4971781,4979961,EMILIN3,minus,428137,
NC_006107.5,5019735,5040633,RPN2,plus,419177,ribophorin II
NC_006107.5,5042193,5053986,GHRH,minus,419178,growth hormone releasing hormone
NC_006107.5,5047615,5052766,LOC107054886,plus,107054886,
NC_006107.5,5057969,5060530,MANBAL4,plus,428138,"mannosidase, beta A, lysosomal-like 4"
NC_006107.5,5066299,5083801,SRC,plus,396442,"SRC proto-oncogene, non-receptor tyrosine kinase"
NC_006107.5,5086327,5094905,BLCAP,minus,100857695,bladder cancer associated protein
NC_006107.5,5090902,5092903,LOC107054884,plus,107054884,
NC_006107.5,5094848,5101048,PIGT,minus,419179,
NC_006107.5,5101995,5108502,DBNDD2,minus,419180,
NC_006107.5,5104487,5117098,TP53TG5,plus,419181,
NC_006107.5,5120205,5122460,SYS1,minus,419183,"SYS1, golgi trafficking protein"
NC_006107.5,5127360,5141905,SDC4,plus,419184,syndecan 4
NC_006107.5,5147691,5160989,RBPJL,minus,419185,
NC_006107.5,5155013,5168757,MATN4,plus,428140,
NC_006107.5,5170365,5171153,PI3,plus,101752219,
NC_006107.5,5174637,5182977,KCNS1,plus,770173,
NC_006107.5,5184345,5224565,STK4,minus,419187,serine/threonine kinase 4
NC_006107.5,5224562,5228644,TOMM34,plus,419188,
NC_006107.5,5231075,5241029,PABPC1L,minus,419189,
NC_006107.5,5242539,5255527,YWHAB,minus,419190,tyrosine 3-monooxygenase/tryptophan 5-monooxygenase activation protein beta
NC_006107.5,5278011,5327888,RIMS4,plus,428142,
NC_006107.5,5327545,5333823,KCNK15,minus,419191,
NC_006107.5,5336816,5345906,WISP2,minus,419192,
NC_006107.5,5355077,5367713,ADA,plus,419194,adenosine deaminase
NC_006107.5,5369169,5382842,PKIG,minus,419195,"protein kinase (cAMP-dependent, catalytic) inhibitor gamma"
NC_006107.5,5377609,5382454,LOC101747703,plus,101747703,
NC_006107.5,5395592,5403062,SERINC3,plus,419196,serine incorporator 3
NC_006107.5,5403488,5411241,TTPAL,minus,419197,alpha tocopherol transfer protein like
NC_006107.5,5416830,5446429,HNF4A,minus,419198,hepatocyte nuclear factor 4 alpha
NC_006107.5,5435431,5459030,LOC107054880,plus,107054880,
NC_006107.5,5447804,5451704,R3HDML,minus,100858089,
NC_006107.5,5465984,5478630,LOC107057318,plus,107057318,
NC_006107.5,5477688,5493152,GDAP1L1,minus,419201,
NC_006107.5,5491057,5492039,LOC112530126,plus,112530126,
NC_006107.5,5493048,5500199,OSER1,plus,419203,oxidative stress responsive serine rich 1
NC_006107.5,5502887,5527699,LOC107054877,plus,107054877,
NC_006107.5,5511601,5518544,LOC112530125,minus,112530125,
NC_006107.5,5527069,5532652,LOC112530127,minus,112530127,
NC_006107.5,5532680,5539252,LOC428144,minus,428144,
NC_006107.5,5539382,5548821,OCSTAMP,minus,419205,
NC_006107.5,5549893,5573831,SLC13A3,minus,770495,
NC_006107.5,5579109,5580342,TP53RK,minus,428145,
NC_006107.5,5580964,5591139,SLC2A10,plus,419206,
NC_006107.5,5667328,5766843,EYA2,plus,395745,EYA transcriptional coactivator and phosphatase 2
NC_006107.5,5728427,5755815,LOC107054876,minus,107054876,
NC_006107.5,5764172,5829795,ZMYND8,minus,419207,
NC_006107.5,5829943,5916281,NCOA3,plus,419208,
NC_006107.5,5915963,6057704,SULF2,minus,419209,
NC_006107.5,6069356,6155065,LOC112530108,plus,112530108,
NC_006107.5,6188168,6338632,PREX1,minus,419210,
NC_006107.5,6366365,6401529,ARFGEF2,plus,419211,
NC_006107.5,6401875,6424499,CSE1L,plus,419212,
NC_006107.5,6434901,6458347,STAU1,plus,419213,staufen double-stranded RNA binding protein 1
NC_006107.5,6466302,6466393,SNORD12C,plus,100858469,
NC_006107.5,6467380,6467471,LOC112529916,plus,112529916,
NC_006107.5,6468372,6468463,LOC112529917,plus,112529917,
NC_006107.5,6469025,6469119,LOC112529918,plus,112529918,
NC_006107.5,6487032,6497559,RPESL,plus,771089,
NC_006107.5,6519796,6652135,KCNB1,minus,428146,
NC_006107.5,6641190,6657060,TGM3,plus,419215,
NC_006107.5,6658924,6674407,TGM6L,plus,771136,
NC_006107.5,6675587,6691399,TGM6,plus,771144,
NC_006107.5,6689200,6690686,LOC107054874,minus,107054874,
NC_006107.5,6698519,6707788,EPB42,plus,419216,erythrocyte membrane protein band 4.2
NC_006107.5,6708245,6715104,CCNDBP1,minus,419217,
NC_006107.5,6715180,6719508,LOC107054873,plus,107054873,
NC_006107.5,6715283,6727981,ZNFX1,minus,419218,
NC_006107.5,6735429,6830614,PHACTR3,plus,770781,
NC_006107.5,6834329,6853722,SYCP2,minus,419219,
NC_006107.5,6853752,6861267,LOC107054872,minus,107054872,
NC_006107.5,6864366,6869621,PPP1R3D,minus,419220,
NC_006107.5,6870530,6878862,FAM217B,plus,419221,
NC_006107.5,7236143,7650778,CDH4,plus,419222,cadherin 4
NC_006107.5,7620188,7625093,LOC107054870,minus,107054870,
NC_006107.5,7672642,7711810,TAF4,minus,419223,
NC_006107.5,7721691,7734529,LSM14B,plus,771330,
NC_006107.5,7736025,7741407,PSMA7,minus,395318,proteasome subunit alpha 7
NC_006107.5,7741772,7756943,SS18L1,plus,419225,
NC_006107.5,7757087,7761764,MTG2,plus,419226,
NC_006107.5,7771311,7778353,HRH3,minus,428147,
NC_006107.5,7777146,7823786,OSBPL2,plus,419227,oxysterol binding protein like 2
NC_006107.5,7824525,7830815,ADRM1,plus,395365,adhesion regulating molecule 1
NC_006107.5,7831104,7910618,LAMA5,minus,428148,
NC_006107.5,7935113,7938522,RPS21,minus,419228,
NC_006107.5,7938691,7957296,CABLES2,minus,419229,
NC_006107.5,7961340,7979188,RBBP8NL,minus,101747728,
NC_006107.5,7979966,8004886,LOC107054867,plus,107054867,
NC_006107.5,8019682,8031059,GATA5,minus,396391,GATA binding protein 5
NC_006107.5,8119909,8120923,LOC101747836,plus,101747836,
NC_006107.5,8124308,8124378,MIR1-1,plus,777851,microRNA 1-1
NC_006107.5,8125612,8125689,MIR1773,plus,100315833,microRNA 1773
NC_006107.5,8135529,8135624,MIR133A2,plus,777852,microRNA 133a-2
NC_006107.5,8148422,8151490,LOC107054866,minus,107054866,
NC_006107.5,8151632,8179575,LOC112530111,minus,112530111,
NC_006107.5,8179843,8207342,SLCO4A1,plus,419231,solute carrier organic anion transporter family member 4A1
NC_006107.5,8227325,8272370,NTSR1,plus,428149,neurotensin receptor 1
NC_006107.5,8323108,8327100,MRGBP,plus,419233,
NC_006107.5,8323174,8339606,OGFR,plus,428150,
NC_006107.5,8341126,8372917,COL9A3,plus,396242,collagen type IX alpha 3 chain
NC_006107.5,8371744,8378930,TCFL5,minus,771446,
NC_006107.5,8414871,8414980,MIR6681,minus,102465400,microRNA 6681
NC_006107.5,8431479,8437948,GID8,plus,419235,GID complex subunit 8 homolog
NC_006107.5,8437294,8456539,SLC17A9,plus,419236,solute carrier family 17 member 9
NC_006107.5,8441317,8441423,MIR6567,minus,102465328,microRNA 6567
NC_006107.5,8485908,8489984,BHLHE23,minus,395165,basic helix-loop-helix family member e23
NC_006107.5,8535223,8667310,LOC771200,minus,771200,
NC_006107.5,8537553,8558728,LOC112530118,plus,112530118,
NC_006107.5,8643767,8643866,MIR1746,minus,100315816,microRNA 1746
NC_006107.5,8692479,8692576,MIR124-3,plus,100315938,microRNA 124-3
NC_006107.5,8701741,8714334,YTHDF1,minus,419238,YTH N6-methyladenosine RNA binding protein 1
NC_006107.5,8714450,8730692,BIRC7,plus,419239,
NC_006107.5,8729908,8777672,NKAIN4,minus,419240,
NC_006107.5,8785015,8802773,ARFGAP1,plus,419241,ADP ribosylation factor GTPase activating protein 1
NC_006107.5,8807030,8821040,DEPTOR,plus,419242,
NC_006107.5,8821365,8865515,COL20A1,plus,419243,collagen type XX alpha 1 chain
NC_006107.5,8871294,8889896,CHRNA4,minus,395606,cholinergic receptor nicotinic alpha 4 subunit
NC_006107.5,8923609,8991713,KCNQ2,minus,428151,
NC_006107.5,9001255,9014412,EEF1A2,minus,419244,eukaryotic translation elongation factor 1 alpha 2
NC_006107.5,9020800,9023107,PPDPF,minus,419245,pancreatic progenitor cell differentiation and proliferation factor
NC_006107.5,9035311,9078973,PXDNL,minus,419247,
NC_006107.5,9079547,9091978,PCMTD2,minus,419248,
NC_006107.5,9101442,9157009,MYT1,minus,419249,
NC_006107.5,9153016,9155788,LOC107054863,plus,107054863,
NC_006107.5,9184759,9198913,LOC107054862,minus,107054862,
NC_006107.5,9207222,9217979,LOC419250,minus,419250,
NC_006107.5,9222703,9229940,LOC107054822,minus,107054822,
NC_006107.5,9240246,9243441,NPBWR2,plus,771598,neuropeptides B/W receptor 2
NC_006107.5,9251328,9263817,OPRL1,minus,419251,opioid related nociceptin receptor 1
NC_006107.5,9270709,9311671,LOC101749563,minus,101749563,
NC_006107.5,9319793,9329504,LOC107054859,plus,107054859,
NC_006107.5,9326680,9332922,LOC107054860,minus,107054860,
NC_006107.5,9335909,9351781,RGS19,plus,374070,regulator of G-protein signaling 19
NC_006107.5,9351557,9367772,TCEA2,minus,419253,
NC_006107.5,9380598,9384135,SOX18,plus,374200,SRY-box 18
NC_006107.5,9397969,9402909,LOC100858256,plus,100858256,
NC_006107.5,9406606,9410927,C20H20orf204,minus,112530122,
NC_006107.5,9411770,9435674,PRPF6,minus,419254,
NC_006107.5,9442468,9452085,SAMD10,plus,428153,
NC_006107.5,9458313,9488073,ZNF512B,plus,771616,zinc finger protein 512B
NC_006107.5,9477263,9481997,LOC107054857,plus,107054857,
NC_006107.5,9489214,9503800,UCKL1,plus,419255,uridine-cytidine kinase 1 like 1
NC_006107.5,9506910,9513443,LOC107054855,plus,107054855,
NC_006107.5,9507874,9510866,LOC107054856,minus,107054856,
NC_006107.5,9520439,9536619,DNAJC5,minus,419256,DnaJ heat shock protein family (Hsp40) member C5
NC_006107.5,9535064,9535135,TRNAE-CUC,minus,112530137,
NC_006107.5,9535965,9552075,TPD52L2,minus,419257,tumor protein D52 like 2
NC_006107.5,9569014,9608486,ZBTB46,plus,419259,
NC_006107.5,9609613,9614993,SLC2A4RG,minus,100858363,
NC_006107.5,9616039,9621138,LIME1,minus,425299,
NC_006107.5,9622062,9628901,ZGPAT,minus,419260,
NC_006107.5,9629090,9640049,ARFRP1,plus,419261,
NC_006107.5,9650494,9655449,TNFRSF6B,minus,395096,
NC_006107.5,9658919,9695849,RTEL1,minus,419262,
NC_006107.5,9680397,9680492,MIR1798,minus,100315846,microRNA 1798
NC_006107.5,9695811,9713788,STMN3,plus,419263,stathmin 3
NC_006107.5,9712480,9729455,GMEB2,plus,419264,
NC_006107.5,9732083,9754184,HELZ2,plus,419265,
NC_006107.5,9755774,9758446,C20H20ORF195,minus,419266,
NC_006107.5,9764409,9778285,STK35,minus,771724,
NC_006107.5,9780475,9785477,PDYN,plus,100858468,
NC_006107.5,9785421,9800963,TPPNR1L,minus,771734,
NC_006107.5,9801499,9807021,SIRPA,plus,419267,signal-regulatory protein alpha
NC_006107.5,9801514,9804427,LOC771545,minus,771545,
NC_006107.5,9807241,9814899,NSFL1C,plus,419268,NSFL1 cofactor
NC_006107.5,9822163,9830132,FKBP1C,plus,374233,FK506 binding protein 1C
NC_006107.5,9835720,9850107,SNPH,minus,100858058,
NC_006107.5,9846168,9849773,LOC112530133,plus,112530133,
NC_006107.5,9855117,9866610,RAD21L1,minus,419269,
NC_006107.5,9863300,9864908,TMEM74B,plus,101749156,
NC_006107.5,9867426,9873205,PSMF1,minus,430115,proteasome inhibitor subunit 1
NC_006107.5,9879192,9880983,LOC107054820,plus,107054820,
NC_006107.5,9886275,9892679,RSPO4,plus,428155,
NC_006107.5,9893984,9901649,ANGPT4,plus,771763,
NC_006107.5,9901062,9903441,LOC112530115,plus,112530115,
NC_006107.5,9903252,9910220,FAM110A,minus,100858650,
NC_006107.5,9910690,9913915,SLC52A3,plus,419270,
NC_006107.5,9917652,9920382,SCRT2,plus,100379662,scratch family transcriptional repressor 2
NC_006107.5,9922333,9923970,SRXN1,plus,100858692,
NC_006107.5,9927660,9930054,TCF15,plus,395788,transcription factor 15 (basic helix-loop-helix)
NC_006107.5,9935278,9957819,CSNK2A1,plus,432370,casein kinase 2 alpha 1
NC_006107.5,9958609,9967382,TBC1D20,plus,771781,
NC_006107.5,9968211,9970252,NRSN2,minus,771790,
NC_006107.5,9971253,9974966,SOX12,minus,777179,
NC_006107.5,9972499,9973784,LOC101748049,plus,101748049,
NC_006107.5,9975984,9983068,C20H20orf96,plus,419273,
NC_006107.5,9983604,9986527,REM1,plus,419274,
NC_006107.5,9988436,9990485,LOC101748448,minus,101748448,
NC_006107.5,9990600,10002713,HM13,plus,100859573,
NC_006107.5,10007180,10007921,ID1,plus,395282,"inhibitor of DNA binding 1, HLH protein"
NC_006107.5,10009624,10014260,BPIL,plus,419276,
NC_006107.5,10015061,10033228,BCL2L1,minus,373954,BCL2 like 1
NC_006107.5,10034266,10047802,TPX2,plus,395081,"TPX2, microtubule nucleation factor"
NC_006107.5,10051629,10058646,MYLK2,plus,396356,myosin light chain kinase 2
NC_006107.5,10061578,10063074,FOXS1,minus,428156,
NC_006107.5,10063697,10066828,IRF9,minus,395243,interferon regulatory factor 9
NC_006107.5,10067007,10075435,LOC771689,plus,771689,
NC_006107.5,10068953,10075652,DUSP15,minus,419277,
NC_006107.5,10075746,10087246,TTLL9,plus,771843,
NC_006107.5,10087612,10089169,PDRG1,minus,771852,
NC_006107.5,10092564,10100850,XKR7,plus,771861,
NC_006107.5,10100945,10104988,CCM2L,plus,419279,
NC_006107.5,10104822,10112747,HCK,plus,419280,
NC_006107.5,10111836,10112856,LOC112530123,minus,112530123,
NC_006107.5,10112830,10127339,TM9SF4,plus,419281,
NC_006107.5,10127483,10142901,PLAGL2,minus,100859766,
NC_006107.5,10142926,10147715,POFUT1,plus,395070,protein O-fucosyltransferase 1
NC_006107.5,10147879,10158198,KIF3B,plus,419284,kinesin family member 3B
NC_006107.5,10158661,10174067,ASXL1,plus,428158,
NC_006107.5,10175588,10225026,C20H20ORF112,minus,771902,
NC_006107.5,10194716,10205576,LOC107054851,plus,107054851,
NC_006107.5,10240466,10245423,COMMD7,minus,419286,COMM domain containing 7
NC_006107.5,10249877,10263624,DNMT3B,plus,419287,DNA methyltransferase 3 beta
NC_006107.5,10264074,10271699,MAPRE1,plus,419288,microtubule associated protein RP/EB family member 1
NC_006107.5,10275118,10296054,BPIFB3,plus,419289,BPI fold containing family B member 3
NC_006107.5,10296177,10301937,BPIFB2,minus,395882,BPI fold containing family B member 2
NC_006107.5,10303109,10310612,BPIFB6,plus,107049084,
NC_006107.5,10310739,10316295,BPIL3,plus,419290,
NC_006107.5,10317106,10325229,BPIFB4,plus,428160,
NC_006107.5,10325103,10330006,LOC101750367,plus,101750367,
NC_006107.5,10333408,10340709,CDK5RAP1,minus,419292,
NC_006107.5,10341003,10348679,LBP,minus,419293,
NC_006107.5,10352333,10362433,KIAA1755,plus,101750666,
NC_006107.5,10367598,10377567,TGM2,plus,396432,transglutaminase 2
NC_006107.5,10381358,10402171,RPRD1B,minus,419295,regulation of nuclear pre-mRNA domain containing 1B
NC_006107.5,10401926,10413980,TTI1,plus,419296,
NC_006107.5,10415497,10423118,VSTM2L,minus,419297,
NC_006107.5,10428122,10468083,CTNNBL1,minus,419299,
NC_006107.5,10476475,10479160,LOC771972,minus,771972,
NC_006107.5,10483742,10485233,WFDC2L,plus,100859272,
NC_006107.5,10485368,10488381,WFDC2,plus,419300,
NC_006107.5,10488568,10494486,WFDC8,plus,419301,
NC_006107.5,10494827,10496114,SPINT4,minus,101751715,
NC_006107.5,10496326,10499588,LOC107054850,plus,107054850,
NC_006107.5,10499227,10501670,LOC771994,minus,771994,
NC_006107.5,10503752,10507919,DNTTIP1,plus,431225,
NC_006107.5,10508112,10509354,UBE2C,plus,100859413,
NC_006107.5,10509450,10510869,LOC107054848,minus,107054848,
NC_006107.5,10510924,10512722,TNNC2,minus,396434,"troponin C2, fast skeletal type"
NC_006107.5,10513860,10516159,SNX21,plus,419302,
NC_006107.5,10516572,10518997,ACOT8,minus,419303,
NC_006107.5,10519011,10532725,CTSA,plus,428163,cathepsin A
NC_006107.5,10521942,10524170,ZSWIM1,plus,101751947,
NC_006107.5,10525564,10528369,NEURL2,minus,101751906,
NC_006107.5,10532986,10537137,PLTP,minus,428164,phospholipid transfer protein
NC_006107.5,10538741,10550091,PCIF1,plus,771963,
NC_006107.5,10550744,10552787,LOC107054849,plus,107054849,
NC_006107.5,10555671,10565132,ZNF335,minus,396131,zinc finger protein 335
NC_006107.5,10572564,10576650,MMP9,plus,395387,matrix metallopeptidase 9
NC_006107.5,10577209,10604984,SLC12A5,plus,777252,
NC_006107.5,10602360,10620585,NCOA5,minus,419304,
NC_006107.5,10621293,10629108,CD40,plus,395385,CD40 molecule
NC_006107.5,10647698,10705460,CDH22,minus,419305,
NC_006107.5,10726442,10731744,SLC35C2,minus,419306,solute carrier family 35 member C2
NC_006107.5,10731820,10750416,ELMO2,minus,419307,
NC_006107.5,10750447,10753198,SNRPL,plus,395298,small nuclear ribonucleoprotein polypeptide-like
NC_006107.5,10753849,10759823,DDX27,minus,419308,DEAD-box helicase 27
NC_006107.5,10799441,10816861,EDN3,minus,768509,
NC_006107.5,10840354,10858300,ZNF831,minus,419309,
NC_006107.5,10872028,10877759,PRELID3B,plus,419310,PRELI domain containing 3B
NC_006107.5,10873417,10885921,LOC101747896,minus,101747896,
NC_006107.5,10886062,10887229,ATP5E,plus,768660,
NC_006107.5,10887341,10895369,TUBB1,minus,396427,tubulin beta 1 class VI
NC_006107.5,10895375,10900121,CTSZ,plus,419311,
NC_006107.5,10895483,10895592,MIR6597,minus,102465348,microRNA 6597
NC_006107.5,10901830,10910619,NELFCD,minus,419312,negative elongation factor complex member C/D
NC_006107.5,10914821,11045468,GNAS,minus,419313,
NC_006107.5,10944293,10944390,MIR6564,minus,102466682,microRNA 6564
NC_006107.5,11061618,11073420,NPEPL1,minus,419314,
NC_006107.5,11074102,11084621,STX16,minus,419315,syntaxin 16
NC_006107.5,11157604,11174001,APCDD1L,plus,419316,
NC_006107.5,11174597,11208289,VAPB,minus,419317,VAMP associated protein B and C
NC_006107.5,11194095,11209037,LOC112530116,plus,112530116,
NC_006107.5,11209362,11230580,RAB22A,minus,419318,"RAB22A, member RAS oncogene family"
NC_006107.5,11230671,11251485,PPP4R1L,plus,419319,
NC_006107.5,11250104,11274570,ANKRD60,plus,419320,
NC_006107.5,11262589,11275775,C20H20ORF85,minus,419321,
NC_006107.5,11339534,11349824,LOC107054844,minus,107054844,
NC_006107.5,11363599,11475328,LOC101748767,plus,101748767,
NC_006107.5,11499475,11533226,PMEPA1,plus,428166,"prostate transmembrane protein, androgen induced 1"
NC_006107.5,11546757,11549468,LOC107054839,minus,107054839,
NC_006107.5,11554555,11562277,PCK1,minus,396458,phosphoenolpyruvate carboxykinase 1
NC_006107.5,11591333,11608894,LOC419322,plus,419322,
NC_006107.5,11595229,11599330,LOC107054842,minus,107054842,
NC_006107.5,11615331,11629002,RBM38,minus,768866,RNA binding motif protein 38
NC_006107.5,11629015,11638457,LOC107054840,plus,107054840,
NC_006107.5,11637658,11646315,RAE1,minus,419324,ribonucleic acid export 1
NC_006107.5,11646409,11680108,SPO11,minus,768915,
NC_006107.5,11647962,11649570,LOC112530128,plus,112530128,
NC_006107.5,11681928,11726093,BMP7,plus,395494,
NC_006107.5,11685893,11926595,LOC107054838,minus,107054838,
NC_006107.5,11740131,11745481,LOC107054843,minus,107054843,
NC_006107.5,11938479,11947433,TFAP2C,minus,419327,
NC_006107.5,11969388,11990677,RTFDC1,minus,419329,replication termination factor 2 domain containing 1
NC_006107.5,11976790,11983388,GCNT7,plus,769120,
NC_006107.5,12011422,12018869,CSTF1,minus,419331,
NC_006107.5,12020659,12027226,AURKA,plus,428167,
NC_006107.5,12027561,12032791,FAM210B,minus,428168,family with sequence similarity 210 member B
NC_006107.5,12038114,12101872,LOC419333,plus,419333,
NC_006107.5,12057799,12063732,MC3R,minus,100857164,
NC_006107.5,12107276,12143886,CBLN4,plus,769254,cerebellin 4 precursor
NC_006107.5,12112869,12247390,LOC419335,minus,419335,
NC_006107.5,12254687,12288801,DOK5,minus,419336,
NC_006107.5,12335201,12337124,PFDN4,minus,419337,prefoldin subunit 4
NC_006107.5,12337071,12348603,LOC107054836,minus,107054836,
NC_006107.5,12348508,12355849,CYP24A1,plus,395827,cytochrome P450 family 24 subfamily A member 1
NC_006107.5,12365947,12367647,LOC107054821,minus,107054821,
NC_006107.5,12380308,12419394,BCAS1,plus,419338,
NC_006107.5,12440199,12446098,LOC107054835,minus,107054835,
NC_006107.5,12526939,12539602,ZNF217L,plus,107048990,
NC_006107.5,12547001,12761355,TSHZ2,minus,419341,
NC_006107.5,12570821,12599614,LOC107054831,plus,107054831,
NC_006107.5,12646191,12646281,MIR1619,minus,100315745,microRNA mir-1619
NC_006107.5,12731862,12760340,LOC107054832,plus,107054832,
NC_006107.5,12795711,12990023,LOC101751795,plus,101751795,
NC_006107.5,12991935,12999996,ZFP64,plus,419342,ZFP64 zinc finger protein
NC_006107.5,13004431,13038143,LOC112530112,minus,112530112,
NC_006107.5,13063144,13067385,LOC112530113,plus,112530113,
NC_006107.5,13075092,13075200,MIR6677,plus,102465397,microRNA 6677
NC_006107.5,13077816,13077906,MIR1687,plus,100315783,microRNA 1687
NC_006107.5,13087625,13101798,SALL4,plus,769286,spalt like transcription factor 4
NC_006107.5,13107696,13160081,ATP9A,plus,419345,
NC_006107.5,13170665,13258167,NFATC2,plus,419346,
NC_006107.5,13277588,13358242,LOC107054830,minus,107054830,
NC_006107.5,13361415,13375655,KCNG1,plus,419347,
NC_006107.5,13383016,13384702,MOCS3,minus,769390,
NC_006107.5,13384749,13395008,DPM1,plus,419349,
NC_006107.5,13398785,13402401,LOC112530131,minus,112530131,
NC_006107.5,13402009,13431150,ADNP,plus,419350,
NC_006107.5,13465479,13478178,PARD6B,minus,419352,par-6 family cell polarity regulator beta
NC_006107.5,13478289,13571085,FAM65C,plus,428169,
NC_006107.5,13534791,13576561,PTPN1,minus,395688,"protein tyrosine phosphatase, non-receptor type 1"
NC_006107.5,13576698,13652973,LOC107054829,plus,107054829,
NC_006107.5,13708222,13709555,CEBPB,minus,396185,CCAAT/enhancer binding protein beta
NC_006107.5,13716784,13734408,TMEM189,plus,100538348,transmembrane protein 189
NC_006107.5,13738033,13752256,UBE2V1,plus,100538349,ubiquitin conjugating enzyme E2 V1
NC_006107.5,13790862,13793593,SNAI1,minus,396047,snail family transcriptional repressor 1
NC_006107.5,13793247,13797002,LOC112530132,plus,112530132,
NC_006107.5,13795911,13801004,RNF114,minus,414881,ring finger protein 114
NC_006107.5,13801269,13807900,SPATA2,plus,419355,spermatogenesis associated 2
NC_006107.5,13817409,13817494,MIR1648,plus,100315762,microRNA 1648
NC_006107.5,13824723,13847411,SLC9A8,minus,419356,solute carrier family 9 member A8
NC_006107.5,13861484,13888405,B4GALT5,plus,107054826,
